{
  "AT": {
    "av": -64.519,
    "ct": 17754,
    "mn": -96.023,
    "mx": -14.294
  },
  "First_UTC": "2019-03-08T23:09:35Z",
  "HWS": {
    "av": 4.201,
    "ct": 8059,
    "mn": 0.178,
    "mx": 14.867
  },
  "Last_UTC": "2019-03-09T23:49:09Z",
  "PRE": {
    "av": 721.942,
    "ct": 177553,
    "mn": 694.325,
    "mx": 746.259
  },
  "Season": "winter",
  "WD": {
    "0": {
      "compass_degrees": 0.0,
      "compass_point": "N",
      "compass_right": 0.0,
      "compass_up": 1.0,
      "ct": 228
    },
    "1": {
      "compass_degrees": 22.5,
      "compass_point": "NNE",
      "compass_right": 0.382683432365,
      "compass_up": 0.923879532511,
      "ct": 76
    },
    "10": {
      "compass_degrees": 225.0,
      "compass_point": "SW",
      "compass_right": -0.707106781187,
      "compass_up": -0.707106781187,
      "ct": 2379
    },
    "11": {
      "compass_degrees": 247.5,
      "compass_point": "WSW",
      "compass_right": -0.923879532511,
      "compass_up": -0.382683432365,
      "ct": 156
    },
    "12": {
      "compass_degrees": 270.0,
      "compass_point": "W",
      "compass_right": -1.0,
      "compass_up": -0.0,
      "ct": 1019
    },
    "13": {
      "compass_degrees": 292.5,
      "compass_point": "WNW",
      "compass_right": -0.923879532511,
      "compass_up": 0.382683432365,
      "ct": 2111
    },
    "14": {
      "compass_degrees": 315.0,
      "compass_point": "NW",
      "compass_right": -0.707106781187,
      "compass_up": 0.707106781187,
      "ct": 484
    },
    "15": {
      "compass_degrees": 337.5,
      "compass_point": "NNW",
      "compass_right": -0.382683432365,
      "compass_up": 0.923879532511,
      "ct": 155
    },
    "2": {
      "compass_degrees": 45.0,
      "compass_point": "NE",
      "compass_right": 0.707106781187,
      "compass_up": 0.707106781187,
      "ct": 10
    },
    "3": {
      "compass_degrees": 67.5,
      "compass_point": "ENE",
      "compass_right": 0.923879532511,
      "compass_up": 0.382683432365,
      "ct": 23
    },
    "5": {
      "compass_degrees": 112.5,
      "compass_point": "ESE",
      "compass_right": 0.923879532511,
      "compass_up": -0.382683432365,
      "ct": 4
    },
    "6": {
      "compass_degrees": 135.0,
      "compass_point": "SE",
      "compass_right": 0.707106781187,
      "compass_up": -0.707106781187,
      "ct": 5
    },
    "7": {
      "compass_degrees": 157.5,
      "compass_point": "SSE",
      "compass_right": 0.382683432365,
      "compass_up": -0.923879532511,
      "ct": 79
    },
    "8": {
      "compass_degrees": 180.0,
      "compass_point": "S",
      "compass_right": 0.0,
      "compass_up": -1.0,
      "ct": 334
    },
    "9": {
      "compass_degrees": 202.5,
      "compass_point": "SSW",
      "compass_right": -0.382683432365,
      "compass_up": -0.923879532511,
      "ct": 996
    },
    "most_common": {
      "compass_degrees": 225.0,
      "compass_point": "SW",
      "compass_right": -0.707106781187,
      "compass_up": -0.707106781187,
      "ct": 2379
    }
  }
}
