{
  "devices": {
    "tempsensor": {
      "ip": "127.0.0.1",
      "port": 63433,
      "remote": 0
    },
    "windsensor": {
      "ip": "127.0.0.1",
      "port": 63432,
      "remote": 0
    },
    "hub": {
      "ip": "127.0.0.1",
      "port": 63431
    },
    "cmdconsole": {
      "ip": "127.0.0.1",
      "port": 63431
    }
  },
  "onboardsensors":1,
  "cloud":{
    "aws_apigateway": {
      "url": "https://vlqojfxgzl.execute-api.us-west-1.amazonaws.com/marsweather1"
    },
    "aws_s3":{
      "url": ""
    }
  }
}
